{
    "cripto": 547.20260149,
    "soldi": 0,
    "ultimo_valore": 0.18707,
    "valore_acquisto": 0.200808
}