{
    "cripto": 4878.77431112,
    "soldi": 0,
    "ultimo_valore": 0.20484,
    "valore_acquisto": 0.20577
}