{
    "cripto": 33249.49642514,
    "soldi": 0,
    "ultimo_valore": 0.18695,
    "valore_acquisto": 0.18742
}